date,time,lon,lat,elon,elat,HP-Tx,HP-Ty
2021-01-01,00:00:00,256.419789612802,-15.732061637637303,0.0,0.0,-380.36712657567114,-220.48239787293784
2021-01-01,01:00:00,256.4392430722898,-15.83823568731906,0.0,0.0,-371.34715254046023,-221.86087632501253
2021-01-01,03:00:00,179.25790466869955,54.24972526921434,0.0,0.0,nan,nan
2021-01-01,04:00:00,179.36568551497282,53.83705431782796,0.0,0.0,nan,nan
2021-01-01,05:00:00,179.47739935585852,53.52255150650367,0.0,0.0,nan,nan
2021-01-01,06:00:00,179.35448792709184,53.261643614084505,0.0,0.0,nan,nan
2021-01-01,07:00:00,179.4423081292552,53.069894561713575,0.0,0.0,nan,nan
2021-01-01,08:00:00,179.31062279041817,52.95743747186443,0.0,0.0,nan,nan
2021-01-01,09:00:00,179.1840194313872,52.87042350786491,0.0,0.0,nan,nan
2021-01-01,10:00:00,179.25527391552848,52.630065969631445,0.0,0.0,nan,nan
2021-01-01,11:00:00,179.11813585671547,52.57337774764626,0.0,0.0,nan,nan
2021-01-01,12:00:00,179.17497904074304,52.16200667558197,0.0,0.0,nan,nan
2021-01-01,13:00:00,179.01538727595434,52.10020940133424,0.0,0.0,nan,nan
2021-01-01,14:00:00,178.84139296902157,52.02163185578863,0.0,0.0,nan,nan
2021-01-01,15:00:00,178.84834094541532,51.379673862474824,0.0,0.0,nan,nan
2021-01-01,16:00:00,178.6118966096935,51.09324532381521,0.0,0.0,nan,nan
2021-01-01,17:00:00,178.73271912620075,50.20216915938356,0.0,0.0,nan,nan
2021-01-01,18:00:00,178.62914040260304,49.76307420129162,0.0,0.0,nan,nan
2021-01-01,19:00:00,178.8651832069426,49.48529172707352,0.0,0.0,nan,nan
2021-01-01,20:00:00,178.7943263738785,49.246398828301366,0.0,0.0,nan,nan
2021-01-01,21:00:00,179.04241464366913,49.11904826854468,0.0,0.0,nan,nan
2021-01-01,22:00:00,179.00194939095766,49.01681823630708,0.0,0.0,nan,nan
2021-01-01,23:00:00,178.99409526738637,48.944566287392384,0.0,0.0,nan,nan
2021-01-02,00:00:00,179.0508772093377,48.87950814567151,0.0,0.0,nan,nan
2021-01-02,01:00:00,179.29405222635324,48.80158055359137,0.0,0.0,nan,nan
2021-01-02,02:00:00,182.4331308412511,45.19478024168184,0.0,0.0,-684.3338819651399,696.8861431897382
2021-01-02,03:00:00,181.77292878929146,44.81003036298206,0.0,0.0,-691.8826387836598,695.0070527564751
2021-01-02,04:00:00,181.82013936761854,44.56502703513271,0.0,0.0,-691.2767611003947,689.7742320045744
2021-01-02,05:00:00,181.53910153414225,44.54223587553717,0.0,0.0,-694.3230280643329,692.8595207687292
2021-01-02,06:00:00,181.58803812385995,44.33261083239756,0.0,0.0,-693.8287368956953,688.7220959575469
2021-01-02,07:00:00,181.62534978060486,44.16958166861068,0.0,0.0,-692.7824425159488,685.2216988006026
2021-01-02,08:00:00,181.27543857214488,44.03427842166692,0.0,0.0,-697.2974620161112,686.9651541209705
2021-01-02,09:00:00,181.30338122312435,43.8646201893455,0.0,0.0,-696.4453056175262,683.5930528376474
2021-01-02,10:00:00,181.30543050247,43.6788913927544,0.0,0.0,-695.747348689707,680.0131173597732
2021-01-02,11:00:00,180.72497729661188,42.835155841476464,0.0,0.0,-706.5527291637845,670.6146150683163
2021-01-02,12:00:00,179.9060316695241,41.91294907111905,0.0,0.0,-718.8786672586575,660.1155772351083
2021-01-02,13:00:00,179.5661101332173,41.254746913914396,0.0,0.0,-723.2530028366018,649.6536900995834
2021-01-02,14:00:00,179.25293448543778,41.25927280102024,0.0,0.0,-725.9611990526319,652.831105593268
2021-01-02,15:00:00,179.12042669923864,40.89460890280056,0.0,0.0,-726.8096279115416,646.4901260276314
2021-01-02,16:00:00,178.7997546085787,40.97789294634868,0.0,0.0,-728.8387351008132,650.8320459859829
2021-01-02,17:00:00,178.71176336136628,40.71565767182807,0.0,0.0,-728.590732315788,646.025786356074
2021-01-02,18:00:00,178.64469403966174,40.49891813227309,0.0,0.0,-727.7484358800575,641.8545455506348
2021-01-02,19:00:00,178.3532128365817,40.61958198054361,0.0,0.0,-729.8529246211983,647.2213757443308
2021-01-02,20:00:00,178.2924336327424,40.43619086719573,0.0,0.0,-728.7180150572676,643.6297144836884
2021-01-02,21:00:00,178.2357942421876,40.270525465987355,0.0,0.0,-727.4232185755391,640.3745852039377
2021-01-02,22:00:00,177.90436749687595,40.38138038425065,0.0,0.0,-729.8262813722249,645.7075530098823
2021-01-02,23:00:00,177.84219199056616,40.227457430958694,0.0,0.0,-728.4749145361129,642.7129353229462
2021-01-03,00:00:00,177.78211847107121,40.09088220094553,0.0,0.0,-726.9254579849076,639.9999620604733
2021-01-03,01:00:00,177.72419906320926,39.97113909337003,0.0,0.0,-725.2445771500934,637.6123652715546
2021-01-03,02:00:00,177.39131844027344,40.06128321307673,0.0,0.0,-728.358390388079,643.1653507809813
2021-01-03,03:00:00,177.32715260642507,39.942421560184094,0.0,0.0,-726.7725076507777,640.9236418389431
2021-01-03,04:00:00,177.2610418643505,39.83381299792689,0.0,0.0,-725.0525879354682,638.8396225916589
2021-01-03,05:00:00,177.19221462024262,39.73975393173225,0.0,0.0,-723.2457995647565,637.0443862571441
2021-01-03,06:00:00,177.12217777345066,39.65796996318224,0.0,0.0,-721.3957149989437,635.5284027380329
2021-01-03,07:00:00,177.05206432205193,39.5776647253357,0.0,0.0,-719.5584079714026,634.1047962089885
2021-01-03,08:00:00,176.697199162664,39.56234136781993,0.0,0.0,-724.4151281679515,638.8705164649849
2021-01-03,09:00:00,176.62062957369872,39.45283038655122,0.0,0.0,-723.0591371662449,637.2649882934269
2021-01-03,10:00:00,176.54284900332667,39.33648519843751,0.0,0.0,-721.8346768093761,635.6691063301462
2021-01-03,11:00:00,176.44677942035054,39.184890467198905,0.0,0.0,-720.9367437919136,633.5506822124796
2021-01-03,12:00:00,176.3373314468159,38.99434966309731,0.0,0.0,-720.4115453485865,630.8912787464941
2021-01-03,13:00:00,176.22466712127775,38.77698122563651,0.0,0.0,-720.2346573802643,627.984103722269
2021-01-03,14:00:00,176.1083637792104,38.51652855711805,0.0,0.0,-720.4693547587376,624.5283328125413
2021-01-03,15:00:00,175.96045909906837,38.22143215776419,0.0,0.0,-720.8815119357314,620.3764769629366
2021-01-03,16:00:00,175.80131414081288,37.869374239093915,0.0,0.0,-721.8575351450127,615.4753015235466
2021-01-03,17:00:00,175.63492201320423,37.485074395083544,0.0,0.0,-722.9650717549957,610.0141440872452
2021-01-03,18:00:00,175.04885094279797,36.91337953843975,0.0,0.0,-733.2641778076068,606.1965773473531
2021-01-03,19:00:00,172.88342572738972,34.68440864813786,0.0,0.0,-762.4037394216284,574.7186198699711
2021-01-03,20:00:00,170.4117663399419,33.09820202155332,0.0,0.0,-782.841367242625,549.0456345709448
2021-01-03,21:00:00,169.6965847365707,33.149298876655166,0.0,0.0,-785.9018018937204,551.6162673376934
2021-01-03,22:00:00,169.26331577711716,33.013914976403065,0.0,0.0,-783.7524215765297,547.8061074454514
2021-01-03,23:00:00,168.95833740018156,32.94569965418634,0.0,0.0,-781.2456692857668,545.6230920606783
2021-01-04,00:00:00,168.5739926364656,33.22179819700723,0.0,0.0,-783.2221451092046,553.3032882030702
2021-01-04,01:00:00,168.2615428168526,33.205835155528796,0.0,0.0,-780.8701490410604,552.2673766489968
2021-01-04,02:00:00,167.9663968783774,33.20685553190897,0.0,0.0,-778.5890545626171,551.7056974588077
2021-01-04,03:00:00,167.74049952698942,33.2125270222182,0.0,0.0,-776.1907408172265,551.4453761121993
2021-01-04,04:00:00,167.55288549606516,33.22486543849956,0.0,0.0,-773.8277388969436,551.5189009949223
2021-01-04,05:00:00,167.37450369107208,33.24359995269045,0.0,0.0,-771.5632551237941,551.8512357191292
2021-01-04,06:00:00,167.208585108346,33.26717369579059,0.0,0.0,-769.3877368965186,552.4203522933199
2021-01-04,07:00:00,167.05738649024153,33.29619029780514,0.0,0.0,-767.323627265403,553.2683460774866
2021-01-04,08:00:00,166.93462674172608,33.32515282827877,0.0,0.0,-765.2755360668525,554.2799667116973
2021-01-04,09:00:00,166.87069844866818,33.35041989403317,0.0,0.0,-763.1791865697596,555.4803554705383
2021-01-04,10:00:00,166.83003970148505,33.380940145209685,0.0,0.0,-761.1766196610406,557.0081789651931
2021-01-04,11:00:00,166.78836025265815,33.423885344614206,0.0,0.0,-759.2745392513461,558.9092609726388
2021-01-04,12:00:00,166.738116727975,33.47662218918278,0.0,0.0,-757.5685012852773,561.1666410753337
2021-01-04,13:00:00,166.67632256280262,33.322417519935016,0.0,0.0,-750.7743563726544,555.3986512844195
2021-01-04,14:00:00,166.63740909062142,33.380507987177076,0.0,0.0,-749.4391991237644,558.1691729438338
2021-01-04,15:00:00,166.584271701563,33.45224189072032,0.0,0.0,-748.2538253786042,561.3197165620151
2021-01-04,16:00:00,166.5683531580509,33.31764738281301,0.0,0.0,-741.7390598708298,556.488158766561
2021-01-04,17:00:00,166.50895796347865,33.386005590216,0.0,0.0,-741.0447715679184,559.9915426044706
2021-01-04,18:00:00,166.41743530820918,33.457034680525695,0.0,0.0,-740.614134548232,563.640904222994
2021-01-04,19:00:00,166.42573951448261,33.31213156461413,0.0,0.0,-734.5397641612217,559.1660964437136
2021-01-04,20:00:00,166.28609887972522,33.316783974586755,0.0,0.0,-734.8812608241569,561.8583312556812
2021-01-04,21:00:00,166.25328083011422,33.07391963486686,0.0,0.0,-729.0729524509516,555.4466794982793
2021-01-04,22:00:00,160.76708990551165,30.556579712227517,0.0,0.0,-781.6362130413763,517.0348931253964
2021-01-04,23:00:00,158.55693317961234,30.133164725904184,0.0,0.0,-791.1508351294324,507.6786411144255
2021-01-05,00:00:00,153.71581730067612,32.643284865535136,0.0,0.0,-793.5853242301382,542.7491975562465
2021-01-05,01:00:00,153.16033452727072,33.11561803592603,0.0,0.0,-785.4581526031252,546.7295887412054
2021-01-05,02:00:00,153.08981826711837,33.219318425072565,0.0,0.0,-786.9323577999603,551.6497880530778
2021-01-05,03:00:00,152.7973384019484,33.35256558232642,0.0,0.0,-782.5529484997969,552.2742494647556
2021-01-05,04:00:00,152.56907224658318,33.457097698530994,0.0,0.0,-778.5920261824504,552.8445212805661
2021-01-05,05:00:00,152.58073237853884,33.53767928202952,0.0,0.0,-781.3379039452411,558.6636248074545
2021-01-05,06:00:00,152.3939894414321,33.626529658274244,0.0,0.0,-777.8763871272095,559.4832377175472
2021-01-05,07:00:00,152.22947874474633,33.71368089929149,0.0,0.0,-774.8112731045112,560.6570584041078
2021-01-05,08:00:00,152.07577150008925,33.79535365122571,0.0,0.0,-771.9101272586267,561.9003406157399
2021-01-05,09:00:00,151.92569771459137,33.88871724939498,0.0,0.0,-769.5025242285337,563.7824873806366
2021-01-05,10:00:00,151.78896217615988,33.99314363632081,0.0,0.0,-767.3514677206986,566.1676681078297
2021-01-05,11:00:00,151.63548467556376,34.13464304455493,0.0,0.0,-765.5792893511243,569.5609522784101
2021-01-05,12:00:00,151.46648606928875,34.16402040679133,0.0,0.0,-758.7511989308987,566.8139376085529
2021-01-05,13:00:00,151.10758853321235,34.5198115726492,0.0,0.0,-758.5626578007359,574.9373437963995
2021-01-05,14:00:00,150.21191990345713,34.89206874988832,0.0,0.0,-751.3189822335262,575.583187620028
2021-01-05,15:00:00,142.46533807384574,63.75541779819766,0.0,0.0,-420.6958890380338,881.153509718162
2021-01-05,16:00:00,143.30381474819706,64.0788814254055,0.0,0.0,-414.1636145096272,885.8164269360768
2021-01-05,17:00:00,143.34878436986185,64.11039580322411,0.0,0.0,-412.8140083719045,886.8781493899722
2021-01-05,18:00:00,143.19752403308868,63.934617404251455,0.0,0.0,-415.5750188399106,887.820055037739
2021-01-05,19:00:00,142.898427443843,64.27295388937533,0.0,0.0,-407.8885772898793,885.6922433528065
2021-01-05,20:00:00,142.5570643144342,63.94402962291182,0.0,0.0,-414.01161248912103,887.0711741981773
2021-01-05,21:00:00,142.2451691283873,64.2340109690974,0.0,0.0,-407.5882651642896,885.7061353427491
2021-01-05,22:00:00,141.83038070068298,63.861984071895705,0.0,0.0,-414.7888822348323,887.4029028441961
2021-01-05,23:00:00,141.47203718104745,64.1665692911255,0.0,0.0,-408.6500750044361,887.0141307320648
2021-01-06,00:00:00,141.13787310982866,64.47587044982946,0.0,0.0,-402.55551595799625,886.9428822634825
2021-01-06,01:00:00,140.53807540350863,64.10770038541287,0.0,0.0,-410.496961040888,889.5618245746975
2021-01-06,02:00:00,140.00806132165792,64.45588932515602,0.0,0.0,-404.6355943523813,890.5776948834749
2021-01-06,03:00:00,139.26964877823204,64.7831141613666,0.0,0.0,-399.7897733366117,891.9045498314176
2021-01-06,04:00:00,138.29999586585777,64.96087463932957,0.0,0.0,-398.2586549904663,893.5071003014805
2021-01-06,05:00:00,136.85395818043864,65.45936264734236,0.0,0.0,-391.20069828396663,893.449151997554
2021-01-06,06:00:00,135.84097856148918,65.19502406285356,0.0,0.0,-397.28341945726424,894.2976336691136
2021-01-06,07:00:00,134.43064655250865,65.26956629357358,0.0,0.0,-396.7633344118949,892.3257976505521
2021-01-06,08:00:00,133.5073964616551,64.8452740695238,0.0,0.0,-404.9859535479918,891.870968663065
2021-01-06,09:00:00,132.1569114079673,64.6734549689446,0.0,0.0,-407.69443824281916,887.6443208763448
2021-01-06,10:00:00,131.3696488121009,64.3399985884064,0.0,0.0,-413.2400617755484,885.4906029853248
2021-01-06,11:00:00,130.6354683122622,64.11469019824263,0.0,0.0,-416.6087578732986,883.1303103605698
2021-01-06,12:00:00,129.93008956976388,63.94744436150609,0.0,0.0,-418.8521376128774,880.7731736454796
2021-01-06,13:00:00,129.65394469464204,63.66543777488227,0.0,0.0,-424.85209374316037,883.4843116481616
2021-01-06,14:00:00,128.9441393859847,63.51809352116579,0.0,0.0,-426.7611290125642,881.1617788303162
2021-01-06,15:00:00,128.22842857838353,63.3599847955712,0.0,0.0,-428.768781471299,878.6264980584587
2021-01-06,16:00:00,127.5098344544308,63.189006960075915,0.0,0.0,-430.8443734738976,875.7526166201151
2021-01-06,17:00:00,127.2130705000947,62.89917120227679,0.0,0.0,-436.79153863782994,877.8264915572288
2021-01-06,18:00:00,126.51519111984402,62.772498800834846,0.0,0.0,-437.769772405969,874.4872240634058
2021-01-06,19:00:00,126.21027364557013,62.56934986418006,0.0,0.0,-442.3653292998206,877.0058940125484
2021-01-06,20:00:00,125.53241738544745,62.518845561429174,0.0,0.0,-441.97328175837174,873.8653976594203
2021-01-06,21:00:00,124.87371747015258,62.48761660554301,0.0,0.0,-441.2563688508235,870.8830474853061
2021-01-06,22:00:00,124.43314458406796,62.390655274889944,0.0,0.0,-445.42408800218254,875.9291432311819
2021-01-06,23:00:00,123.65781280564839,62.41442717548814,0.0,0.0,-444.91393587947823,874.9493246688731
2021-01-07,00:00:00,122.82224272275388,62.45274920456673,0.0,0.0,-444.72221520892344,874.9264527750947
2021-01-07,01:00:00,121.96839751742836,62.499024569174715,0.0,0.0,-444.7464827313088,875.5816472059647
2021-01-07,02:00:00,121.13492046648668,62.55334355742379,0.0,0.0,-445.0212416681461,877.1292620407152
2021-01-07,03:00:00,120.27959401880376,62.63590504245019,0.0,0.0,-441.40356174088083,871.9945213070959
2021-01-07,04:00:00,119.29908905197927,62.78750794473613,0.0,0.0,-442.62057049409486,878.6021326921039
2021-01-07,05:00:00,118.48217867142493,63.14275166098177,0.0,0.0,-433.9349773633294,873.7020233833061
2021-01-07,06:00:00,116.85733637584427,63.923502624203614,0.0,0.0,-424.27145649446175,880.4355824268712
2021-01-07,07:00:00,112.98514787504654,64.55599824234986,0.0,0.0,nan,nan
2021-01-07,08:00:00,110.43634637387792,64.55915666429924,0.0,0.0,nan,nan
2021-01-07,09:00:00,108.05988131184063,64.54748435683418,0.0,0.0,nan,nan
2021-01-07,10:00:00,103.70684165539305,64.23588753285517,0.0,0.0,nan,nan
2021-01-07,11:00:00,101.25466504733801,62.972916394879775,0.0,0.0,nan,nan
2021-01-07,12:00:00,99.491667861072,62.29303940726102,0.0,0.0,nan,nan
2021-01-07,13:00:00,97.59106680799272,61.090426858278924,0.0,0.0,nan,nan
2021-01-07,14:00:00,95.78037921268577,60.02689688109891,0.0,0.0,nan,nan
2021-01-07,15:00:00,93.8420079584178,58.924367809930736,0.0,0.0,nan,nan
2021-01-07,16:00:00,92.64847445944329,57.13785977667666,0.0,0.0,nan,nan
2021-01-07,17:00:00,91.68589093269814,56.219732617437884,0.0,0.0,nan,nan
2021-01-07,18:00:00,89.81558446472026,54.987335646515284,0.0,0.0,nan,nan
2021-01-07,19:00:00,88.53250297379843,53.19468407548266,0.0,0.0,nan,nan
2021-01-07,20:00:00,87.489826115442,52.324124523779425,0.0,0.0,nan,nan
2021-01-07,21:00:00,86.0034225632345,46.731023469677574,0.0,0.0,nan,nan
2021-01-07,22:00:00,86.5895741303284,45.443539464012055,0.0,0.0,nan,nan
2021-01-07,23:00:00,86.52454307345202,44.43002139290119,0.0,0.0,nan,nan
2021-01-08,00:00:00,86.53003342094226,44.05478289653665,0.0,0.0,nan,nan
2021-01-08,01:00:00,86.43486877006906,43.69116876679901,0.0,0.0,nan,nan
2021-01-08,02:00:00,86.34339134187077,43.420237504926554,0.0,0.0,nan,nan
2021-01-08,03:00:00,86.23629283120461,43.18720549700667,0.0,0.0,nan,nan
2021-01-08,04:00:00,86.08075681835405,42.88747407179145,0.0,0.0,nan,nan
2021-01-08,05:00:00,85.8029714697247,42.428908495692745,0.0,0.0,nan,nan
2021-01-08,06:00:00,85.49788419058275,41.89407272152078,0.0,0.0,nan,nan
2021-01-08,07:00:00,85.08221313450223,41.8743343323583,0.0,0.0,nan,nan
2021-01-08,08:00:00,84.91541246476599,41.351921600799265,0.0,0.0,nan,nan
2021-01-08,09:00:00,84.80465835666477,40.89031528600346,0.0,0.0,nan,nan
2021-01-08,10:00:00,84.27420223322878,40.876336980006606,0.0,0.0,nan,nan
2021-01-08,11:00:00,83.53420357056683,40.581325730386425,0.0,0.0,nan,nan
2021-01-08,12:00:00,82.6157275125571,39.61776824554723,0.0,0.0,nan,nan
2021-01-08,13:00:00,83.65028753446832,38.053205031030394,0.0,0.0,nan,nan
2021-01-08,14:00:00,84.63666196971023,37.167124825027415,0.0,0.0,nan,nan
2021-01-08,15:00:00,84.90006448786681,36.77458758367308,0.0,0.0,nan,nan
2021-01-08,16:00:00,84.8196179873,36.64320835345619,0.0,0.0,nan,nan
2021-01-08,17:00:00,84.66717072682039,36.49524361064902,0.0,0.0,nan,nan
2021-01-08,18:00:00,84.55973726539158,36.389880274954386,0.0,0.0,nan,nan
2021-01-08,19:00:00,84.2058763797089,36.20096200746488,0.0,0.0,nan,nan
2021-01-08,20:00:00,83.59843915452885,36.01766719276683,0.0,0.0,nan,nan
2021-01-08,21:00:00,82.99673240453971,35.67065544520881,0.0,0.0,nan,nan
2021-01-08,22:00:00,82.93207616129335,35.463279965001924,0.0,0.0,nan,nan
2021-01-08,23:00:00,82.49786803359828,35.1957760885674,0.0,0.0,nan,nan
2021-01-09,00:00:00,82.44604850382322,35.15170040024564,0.0,0.0,nan,nan
2021-01-09,01:00:00,82.10674160255695,35.01736782071142,0.0,0.0,nan,nan
2021-01-09,02:00:00,82.033114695851,34.94169263518165,0.0,0.0,nan,nan
2021-01-09,03:00:00,81.74281878158197,34.85078699766855,0.0,0.0,nan,nan
2021-01-09,04:00:00,81.51353722394289,34.79559549936793,0.0,0.0,nan,nan
2021-01-09,05:00:00,81.30422269376797,34.67417888984186,0.0,0.0,nan,nan
2021-01-09,06:00:00,81.07319338222356,34.64489412159963,0.0,0.0,nan,nan
2021-01-09,07:00:00,80.72033020376857,34.63902929136785,0.0,0.0,nan,nan
2021-01-09,08:00:00,80.10349986445209,34.681220899411315,0.0,0.0,nan,nan
2021-01-09,09:00:00,78.77029237412368,34.772349415659754,0.0,0.0,nan,nan
2021-01-09,10:00:00,78.0562677968117,34.39933395555647,0.0,0.0,nan,nan
2021-01-09,11:00:00,77.49620478176321,34.083302095516544,0.0,0.0,nan,nan
2021-01-09,12:00:00,77.05044756210758,33.79156926631562,0.0,0.0,nan,nan
2021-01-09,13:00:00,77.02746463081604,33.60060142569754,0.0,0.0,nan,nan
2021-01-09,14:00:00,76.63725736091956,33.431119780295745,0.0,0.0,nan,nan
2021-01-09,15:00:00,76.6071327498585,33.22279311662588,0.0,0.0,nan,nan
2021-01-09,16:00:00,76.24147346685737,33.07606465826253,0.0,0.0,nan,nan
2021-01-09,17:00:00,75.9201225639939,32.92607521433603,0.0,0.0,nan,nan
2021-01-09,18:00:00,75.53582017865709,32.7871316720994,0.0,0.0,nan,nan
2021-01-09,19:00:00,75.46266136207322,32.59726800232754,0.0,0.0,nan,nan
2021-01-09,20:00:00,75.03768930000616,32.51117109966175,0.0,0.0,nan,nan
2021-01-09,21:00:00,74.6142272840592,32.43591944093813,0.0,0.0,nan,nan
2021-01-09,22:00:00,74.2076027446997,32.360198391161326,0.0,0.0,nan,nan
2021-01-09,23:00:00,73.81310741224445,32.28082851519853,0.0,0.0,nan,nan
2021-01-10,00:00:00,73.44310409233509,32.20268720472236,0.0,0.0,nan,nan
2021-01-10,01:00:00,73.09799180012894,32.13316858345939,0.0,0.0,nan,nan
2021-01-10,02:00:00,73.19495448659298,31.848020129234257,0.0,0.0,-831.8651095535606,518.806588151391
2021-01-10,03:00:00,72.89327482510241,31.783215280259846,0.0,0.0,-830.7345260237344,517.1656206269253
2021-01-10,04:00:00,72.62079835402302,31.729834758786485,0.0,0.0,-829.2514767544344,515.5926764724218
2021-01-10,05:00:00,72.75180595398096,31.365071446726038,0.0,0.0,-834.8370393072255,512.8358174805498
2021-01-10,06:00:00,72.51922044566506,31.321635816105626,0.0,0.0,-832.9302744974848,511.3270739222765
2021-01-10,07:00:00,72.66311564260856,30.97215212279383,0.0,0.0,-838.4298980550375,508.93281584493064
2021-01-10,08:00:00,72.46438874755862,30.95068659094672,0.0,0.0,-836.216789386468,507.8050464222364
2021-01-10,09:00:00,72.28302374517521,30.9450195282288,0.0,0.0,-833.910493847914,506.9858130595195
2021-01-10,10:00:00,72.42598185941212,30.62228435098776,0.0,0.0,-839.5523522489239,505.35763731141213
2021-01-10,11:00:00,72.25115685163766,30.63918752116026,0.0,0.0,-837.2287704793271,505.0638129898187
2021-01-10,12:00:00,72.07724328231052,30.67977883201421,0.0,0.0,-834.9659731173888,505.29532682234077
2021-01-10,13:00:00,71.90511282225182,30.737729699152556,0.0,0.0,-832.7890545863193,505.9430899494873
2021-01-10,14:00:00,71.74019689616034,30.80634881833187,0.0,0.0,-830.641203037696,506.852677736995
2021-01-10,15:00:00,71.78359228281448,30.435202937805656,0.0,0.0,-837.4321402846836,504.99187973037056
2021-01-10,16:00:00,71.588925354763,30.476588154389976,0.0,0.0,-835.6317997977603,505.5745741906567
2021-01-10,17:00:00,71.3775576786789,30.518254261927567,0.0,0.0,-834.0593259599991,506.27638633931736
2021-01-10,18:00:00,71.15405649423515,30.556835467910915,0.0,0.0,-832.6943665705621,507.0284241064175
2021-01-10,19:00:00,70.91672326995537,30.588966025824654,0.0,0.0,-831.5285652992316,507.75382848455405
2021-01-10,20:00:00,70.64106748335837,30.579747752953523,0.0,0.0,-830.5631624464877,507.6966506016396
2021-01-10,21:00:00,70.33884704279596,30.540542206296134,0.0,0.0,-829.8578035919927,507.14601015409
2021-01-10,22:00:00,70.00261318999769,30.474940852191573,0.0,0.0,-829.502135417657,506.2060839586846
2021-01-10,23:00:00,69.5936427439217,30.330274934241334,0.0,0.0,-829.5814360836521,503.78236533257615
2021-01-11,00:00:00,69.23268464434776,30.150032407860543,0.0,0.0,-829.3833539811894,500.6307036321803
2021-01-11,01:00:00,69.23086306534711,29.501809428965654,0.0,0.0,-835.8652760614641,493.29286922983994
2021-01-11,02:00:00,69.04160511562841,29.224226996571506,0.0,0.0,-834.079147688346,487.8403118927267
2021-01-11,03:00:00,69.16570905362505,28.725067351430972,0.0,0.0,-840.2937325427774,483.6690308730474
2021-01-11,04:00:00,69.09019334604267,28.495829118969713,0.0,0.0,-838.7208769649733,479.71846364213036
2021-01-11,05:00:00,69.04633101837537,28.350493216255696,0.0,0.0,-836.5978675619699,477.22355670062353
2021-01-11,06:00:00,68.90516776206812,28.28847646009328,0.0,0.0,-842.4842604305595,480.6482305474255
2021-01-11,07:00:00,68.76232625573785,28.205957394886934,0.0,0.0,-840.4687003041618,479.18738425573036
2021-01-11,08:00:00,68.61380575575457,28.135762247216974,0.0,0.0,-838.4857486316469,477.99273493376734
2021-01-11,09:00:00,68.46648856363329,28.07622565116547,0.0,0.0,-836.4985008961521,477.03122957769466
2021-01-11,10:00:00,68.32174334749872,28.025716887582565,0.0,0.0,-834.5199300886597,476.28242946009857
2021-01-11,11:00:00,68.17661576870867,27.985172184091535,0.0,0.0,-832.5633355116006,475.76160969426934
2021-01-11,12:00:00,67.89614177458296,27.929016905458305,0.0,0.0,-830.9226545405108,474.67590570589095
2021-01-11,13:00:00,67.45289149798549,27.869842881238156,0.0,0.0,-829.6918093676213,473.2131515559822
2021-01-11,14:00:00,66.86091189640292,27.730510790616922,0.0,0.0,-831.1100251488388,471.20647224734876
2021-01-11,15:00:00,66.83967212245842,27.36284775194689,0.0,0.0,-837.3881088439375,469.5204709339097
2021-01-11,16:00:00,66.61238650721369,27.224200856182346,0.0,0.0,-835.7910794003401,467.1111379827309
2021-01-11,17:00:00,66.43056655478023,27.10324231428139,0.0,0.0,-833.7302489245776,464.9684423183686
2021-01-11,18:00:00,66.28434456340302,27.005400249466827,0.0,0.0,-831.2592557792086,463.1947535193745
2021-01-11,19:00:00,66.16574949179402,26.91664374105175,0.0,0.0,-828.5147893405519,461.571261473502
2021-01-11,20:00:00,66.2158359572923,26.650195835325604,0.0,0.0,-833.8579117800109,461.71024311888726
2021-01-11,21:00:00,66.10597224106773,26.573389261081225,0.0,0.0,-830.9976671091281,460.3591711406734
2021-01-11,22:00:00,66.01245139565384,26.502185465125294,0.0,0.0,-827.998176808469,459.13052219030385
2021-01-11,23:00:00,65.91956390660383,26.437961179736075,0.0,0.0,-824.984963807743,458.0594717041175
2021-01-12,00:00:00,65.81486175022047,26.379544384437228,0.0,0.0,-822.062196116196,457.1303621366766
2021-01-12,01:00:00,65.70670573779557,26.325357263059587,0.0,0.0,-819.1638802408706,456.3082939115379
2021-01-12,02:00:00,65.59858699931486,26.274861215847725,0.0,0.0,-816.2707025762647,455.58588076185197
2021-01-12,03:00:00,65.49024726971977,26.22587639173197,0.0,0.0,-813.3800282101147,454.9189353827024
2021-01-12,04:00:00,65.50046526829341,25.830618047377794,0.0,0.0,-818.838002715027,452.86497313142365
2021-01-12,05:00:00,65.40829606096464,25.77479788194369,0.0,0.0,-815.7320849006064,452.0981978041448
2021-01-12,06:00:00,65.32090829218814,25.7206239949545,0.0,0.0,-812.5738972870167,451.3831517792006
2021-01-12,07:00:00,65.23888700627212,25.668171882305987,0.0,0.0,-809.364437273005,450.7251130234592
2021-01-12,08:00:00,65.16197815088252,25.61887199989778,0.0,0.0,-806.1093064921442,450.153913774141
2021-01-12,09:00:00,65.08935542818347,25.569101856441662,0.0,0.0,-802.80478201597,449.5958056303246
2021-01-12,10:00:00,65.02196192805667,25.519289483088677,0.0,0.0,-799.4451017603278,449.06088623045486
2021-01-12,11:00:00,64.96132433864712,25.470148418793045,0.0,0.0,-796.0097141945735,448.55933828118236
2021-01-12,12:00:00,64.90823992012965,25.42144083289901,0.0,0.0,-792.4943637682591,448.0893321123898
2021-01-12,13:00:00,64.86440696912508,25.371298782015124,0.0,0.0,-788.8549399967305,447.60047028085864
2021-01-12,14:00:00,64.82757788861603,25.3184536876606,0.0,0.0,-785.1268449116033,447.07933719136105
2021-01-12,15:00:00,64.93516418782009,24.782875109061465,0.0,0.0,-788.1634595529176,442.0820619308578
2021-01-12,16:00:00,64.90847753499092,24.71948022504064,0.0,0.0,-784.1714929549489,441.370240041944
2021-01-12,17:00:00,64.88748588270965,24.652172796410863,0.0,0.0,-780.09264095244,440.60169570731324
2021-01-12,18:00:00,64.86598051114706,24.591870049861267,0.0,0.0,-776.0147059252486,439.9989926640079
2021-01-12,19:00:00,64.8425506353424,24.543949122534844,0.0,0.0,-771.9523054868914,439.66321441024564
2021-01-12,20:00:00,64.81851745197729,24.502461639635786,0.0,0.0,-767.8524970111903,439.45922804919354
2021-01-12,21:00:00,64.79715309705308,24.455179253776617,0.0,0.0,-763.6727674906142,439.1515752325857
2021-01-12,22:00:00,64.777060192694,24.408232916312038,0.0,0.0,-759.4557489538565,438.8721835718534
2021-01-12,23:00:00,64.75689253534996,24.365512466857954,0.0,0.0,-755.2186167277396,438.6962680343946
2021-01-13,00:00:00,64.73637812179257,24.327158696680073,0.0,0.0,-750.963713551173,438.6262298222608
2021-01-13,01:00:00,64.71607273883592,24.289779309287237,0.0,0.0,-746.6778016046155,438.5942353846428
2021-01-13,02:00:00,64.69547263568755,24.25354791629989,0.0,0.0,-742.3543153498322,438.5967145257927
2021-01-13,03:00:00,64.6749574710299,24.21700901488408,0.0,0.0,-737.9888271691743,438.6061329998796
2021-01-13,04:00:00,64.65376157812503,24.182785583009036,0.0,0.0,-733.597368636867,438.67626829737543
2021-01-13,05:00:00,64.63130735661056,24.152086934303327,0.0,0.0,-729.1843963698484,438.8286472525425
2021-01-13,06:00:00,64.60493502511066,24.13102393928323,0.0,0.0,-724.7822891967371,439.1795774812302
2021-01-13,07:00:00,64.57595115322025,24.114870876627442,0.0,0.0,-720.3704465527553,439.63636481817133
2021-01-13,08:00:00,64.54406741478746,24.103754202771444,0.0,0.0,-715.9488046274055,440.1990938008277
2021-01-13,09:00:00,64.50981344032307,24.095949008533406,0.0,0.0,-711.5102748246863,440.8343861488824
2021-01-13,10:00:00,64.47540610546298,24.0876191761858,0.0,0.0,-707.0281642603222,441.4689161930256
2021-01-13,11:00:00,64.44058364770409,24.079396595724912,0.0,0.0,-702.502223302843,442.11248317445643
2021-01-13,12:00:00,64.40445182048676,24.072239650296723,0.0,0.0,-697.9409315672237,442.78189721084937
2021-01-13,13:00:00,64.36737308780705,24.06541777470912,0.0,0.0,-693.3388934910763,443.46240763044227
2021-01-13,14:00:00,64.32905999610773,24.059438202231842,0.0,0.0,-688.6969339144416,444.1616853091571
2021-01-13,15:00:00,64.29243455863713,24.557449010292522,0.0,0.0,-677.2319012307562,449.86977485467673
2021-01-13,16:00:00,64.25755135428635,24.549753198220596,0.0,0.0,-672.4792735006195,450.5344139979711
2021-01-13,17:00:00,64.22319098803042,24.540242719580046,0.0,0.0,-667.6641907875892,451.1659783474623
2021-01-13,18:00:00,64.18983623906718,24.529047936766318,0.0,0.0,-662.7834491662215,451.76844455280445
2021-01-13,19:00:00,64.15572015583655,24.517394212931094,0.0,0.0,-657.8533167748246,452.361623765795
2021-01-13,20:00:00,64.12154280907777,24.504471305723644,0.0,0.0,-652.8627820855472,452.92806355953485
2021-01-13,21:00:00,64.08742258322856,24.4907315914654,0.0,0.0,-647.8149673405569,453.4790933953455
2021-01-13,22:00:00,64.05318976838629,24.47625637150189,0.0,0.0,-642.7106260757428,454.015090829048
2021-01-13,23:00:00,64.01966150833125,24.460786559908712,0.0,0.0,-637.541947260499,454.5324102050403
2021-01-14,00:00:00,63.988256048810335,24.444405059249902,0.0,0.0,-632.2959742206149,455.03567679729946
2021-01-14,01:00:00,63.936648297024746,24.929890650169284,0.0,0.0,-620.9436903046444,460.3455234692468
2021-01-14,02:00:00,63.918273193730954,24.909896465047858,0.0,0.0,-615.4922246518545,460.78762918149056
2021-01-14,03:00:00,63.90032906461854,24.888452315747067,0.0,0.0,-609.9768344599288,461.2012501482909
2021-01-14,04:00:00,63.88282737798033,24.86556246643785,0.0,0.0,-604.3968535666354,461.5858191920637
2021-01-14,05:00:00,63.86560202746489,24.841311303957728,0.0,0.0,-598.7535945589188,461.94206015818924
2021-01-14,06:00:00,63.84847328659748,24.81604507535811,0.0,0.0,-593.0483849754091,462.275419664716
2021-01-14,07:00:00,63.83217371102248,24.78946808704828,0.0,0.0,-587.2737261862494,462.58136682280616
2021-01-14,08:00:00,63.81662803032982,24.76078331794694,0.0,0.0,-581.4234609925188,462.83901265598104
2021-01-14,09:00:00,63.802586197078156,24.729403426129416,0.0,0.0,-575.4904210970271,463.03885989629686
2021-01-14,10:00:00,63.7890539546216,24.696570010127797,0.0,0.0,-569.4883564454503,463.2047197223574
2021-01-14,11:00:00,63.77692080259347,24.661705465883383,0.0,0.0,-563.4076303369366,463.32689690717586
2021-01-14,12:00:00,63.766195709549784,24.624839302782032,0.0,0.0,-557.2473950774875,463.40510954188994
2021-01-14,13:00:00,63.756868251679926,24.586168688902944,0.0,0.0,-551.0073707154952,463.4424540609703
2021-01-14,14:00:00,63.749407631817114,24.545348190590495,0.0,0.0,-544.6819583685137,463.43267072091635
2021-01-14,15:00:00,63.74474386063556,24.499405122451897,0.0,0.0,-538.2403737728018,463.3038049426239
2021-01-14,16:00:00,63.76675345200986,24.958262625087695,0.0,0.0,-526.1009247119073,468.00799049668063
2021-01-14,17:00:00,63.77251674547396,24.90675411883543,0.0,0.0,-519.4818269724492,467.77662447904055
2021-01-14,18:00:00,63.78104744585687,24.852227899309657,0.0,0.0,-512.7672062565107,467.48310087105557
2021-01-14,19:00:00,63.79286839685902,24.794361583477,0.0,0.0,-505.95099929184653,467.12229143214466
2021-01-14,20:00:00,63.80912419035365,24.72952822021715,0.0,0.0,-498.9960651216097,466.6061170604641
2021-01-14,21:00:00,63.83002073170729,24.65950261699523,0.0,0.0,-491.91973532899283,465.9866199125603
2021-01-14,22:00:00,63.85700168853938,24.583478632311664,0.0,0.0,-484.7086689795833,465.2553397711092
2021-01-14,23:00:00,63.89306919806657,24.49445272814922,0.0,0.0,-477.28013306250796,464.24206380212235
2021-01-15,00:00:00,63.85134976530157,23.886710260134077,0.0,0.0,-475.3592906615231,457.88567733546324
2021-01-15,01:00:00,63.88752588886459,23.78393785593567,0.0,0.0,-467.74434948782437,456.6003464738325
2021-01-15,02:00:00,63.92272649644294,23.678201361641083,0.0,0.0,-460.0838239588775,455.25197490551705
2021-01-15,03:00:00,63.96171114708092,23.563441551850786,0.0,0.0,-452.3248320452403,453.74139650564365
2021-01-15,04:00:00,64.00181267443578,23.44323152386388,0.0,0.0,-444.4988216487691,452.1293900272318
2021-01-15,05:00:00,64.04521980414303,23.31364050103127,0.0,0.0,-436.5827913954854,450.3514486545555
2021-01-15,06:00:00,64.08810969809457,23.184389347093603,0.0,0.0,-428.6234906066675,448.5803940040835
2021-01-15,07:00:00,64.13062746096074,23.05701420675712,0.0,0.0,-420.6139717379119,446.83865717809516
2021-01-15,08:00:00,64.17068026155891,22.940485347615308,0.0,0.0,-412.55706376046874,445.2612891574084
2021-01-15,09:00:00,64.20507327366583,22.849054849635166,0.0,0.0,-404.44341240404174,444.04657678758383
2021-01-15,10:00:00,64.23995437322368,22.765401916924663,0.0,0.0,-396.24070064374246,442.93017056211494
2021-01-15,11:00:00,64.27655302771669,22.68138390784509,0.0,0.0,-387.9585782738868,441.78964078069737
2021-01-15,12:00:00,64.0099469773139,22.412861554329943,0.0,0.0,-387.5275202700868,441.13727978391034
2021-01-15,13:00:00,64.05472749905654,22.311284592618822,0.0,0.0,-378.99098779447377,439.66690435475334
2021-01-15,14:00:00,64.10165033298249,22.207517933321316,0.0,0.0,-370.3670357996598,438.13623741475476
2021-01-15,15:00:00,64.14996451980375,22.10117339925606,0.0,0.0,-361.66791360243224,436.5376863446778
2021-01-15,16:00:00,64.19605253612716,21.993700152842237,0.0,0.0,-352.9387124690693,434.88455257268936
2021-01-15,17:00:00,64.24419007238983,21.882821698604257,0.0,0.0,-344.13591612759046,433.15803096629134
2021-01-15,18:00:00,64.29106475517773,21.766369583361158,0.0,0.0,-335.2975996132009,431.30149433187984
2021-01-15,19:00:00,64.33853432052375,21.63741740284128,0.0,0.0,-326.3936093626544,429.1826715400437
2021-01-15,20:00:00,64.38661845013034,21.493010122895093,0.0,0.0,-317.4222993867006,426.7436627569273
2021-01-15,21:00:00,64.19550316145185,20.928917193973778,0.0,0.0,-314.81252452963963,420.31296272390176
2021-01-15,22:00:00,64.24011011847536,20.719973971467457,0.0,0.0,-305.6468673578929,416.5261507494205
2021-01-15,23:00:00,64.27512480722109,20.450630458629877,0.0,0.0,-296.56855956232175,411.59246888927606
2021-01-16,00:00:00,64.10295393360316,20.00623013028362,0.0,0.0,-293.64180235145614,407.6187356260154
2021-01-16,01:00:00,64.14073937777171,19.806803451666493,0.0,0.0,-284.53307271003723,404.1438871388752
2021-01-16,02:00:00,64.17493981056658,19.61153139530755,0.0,0.0,-275.4853534111753,400.7899090084366
2021-01-16,03:00:00,64.21490420536026,19.446233515552393,0.0,0.0,-266.33864803495817,398.00554582374195
2021-01-16,04:00:00,64.2659378146218,19.324815847038014,0.0,0.0,-256.97847772738896,395.99223776148085
2021-01-16,05:00:00,64.31575598040553,19.20945820396301,0.0,0.0,-247.62512594088912,394.1025932991476
2021-01-16,06:00:00,64.36481018173777,19.098267709525434,0.0,0.0,-238.2740611610934,392.30613326936265
2021-01-16,07:00:00,64.28955879415189,18.930736058113435,0.0,0.0,-233.20929601229727,393.4410178507353
2021-01-16,08:00:00,64.3458376443005,18.837430799742464,0.0,0.0,-223.64938800572418,392.0211713264333
2021-01-16,09:00:00,64.40283789926617,18.756051635056306,0.0,0.0,-214.06931406841613,390.8425361656724
2021-01-16,10:00:00,64.4597850106144,18.68467617895321,0.0,0.0,-204.48343697935343,389.87547692802264
2021-01-16,11:00:00,64.51472525698611,18.61948777373075,0.0,0.0,-194.92497302521951,389.0570218877454
2021-01-16,12:00:00,64.56717168514943,18.55943094931479,0.0,0.0,-185.40496386145242,388.37848246577806
2021-01-16,13:00:00,64.62208660533702,18.50677232526084,0.0,0.0,-175.83939409046434,387.87824967026177
2021-01-16,14:00:00,64.67999992677538,18.460184348400457,0.0,0.0,-166.22009344235994,387.5401411548123
2021-01-16,15:00:00,64.74270732503324,18.4232964215242,0.0,0.0,-156.51642088592052,387.4353950679593
2021-01-16,16:00:00,64.8634234713489,18.546507791937,0.0,0.0,-144.3350436373148,386.21815161342977
2021-01-16,17:00:00,64.92752770605063,18.53456113998007,0.0,0.0,-134.68457823293284,386.6848413904085
2021-01-16,18:00:00,64.99958540849944,18.531710733337185,0.0,0.0,-124.89287528418936,387.3936595487618
2021-01-16,19:00:00,65.07258319768138,18.560466046833863,0.0,0.0,-115.07594756106846,388.78182093367155
2021-01-16,20:00:00,65.15647723124445,18.611154694086824,0.0,0.0,-105.06522976979613,390.68360973985796
2021-01-16,21:00:00,65.20216061908353,18.760387862856515,0.0,0.0,-94.66863813996315,390.44156457656635
2021-01-16,22:00:00,65.30433024736806,18.881133616924128,0.0,0.0,-84.40253017516807,393.81298747356203
2021-01-16,23:00:00,65.44291545568407,19.065730971482004,0.0,0.0,-73.50082077854313,398.47484153643785
2021-01-17,00:00:00,65.50362010216553,19.395089666988934,0.0,0.0,-63.163982711266726,401.79939541035105
2021-01-17,01:00:00,65.71135263294705,19.739011245681294,0.0,0.0,-51.140734462067485,409.6682188705413
2021-01-17,02:00:00,65.83860922220815,20.358551868939706,0.0,0.0,-39.93414308782667,418.5380736224818
2021-01-17,03:00:00,65.90656247358558,21.016286603607366,0.0,0.0,-29.83266902435571,428.4050821159932
2021-01-17,04:00:00,65.89946592903912,21.653966251688747,0.0,0.0,-21.05056360620074,438.25419354077434
2021-01-17,05:00:00,65.91059812950252,22.248944677523333,0.0,0.0,-12.06207042443566,447.5600724661255
2021-01-17,06:00:00,66.02973790587954,22.91656260948577,0.0,0.0,-1.4319920022971928,458.3592503531455
2021-01-17,07:00:00,66.2726785392546,24.583214582981636,0.0,0.0,10.944143867504788,482.24742981959605
2021-01-17,08:00:00,66.74273613123391,25.627097597854483,0.0,0.0,26.681282357287653,499.1246164538047
2021-01-17,09:00:00,67.44054111292577,26.587615331975226,0.0,0.0,45.614328390139676,513.1565937272517
2021-01-17,10:00:00,68.72704152663536,27.367170059515793,0.0,0.0,72.95787954155128,522.218069621695
2021-01-17,11:00:00,69.26635089314219,27.56844463211989,0.0,0.0,89.57717889935765,526.8530004149089
2021-01-17,12:00:00,69.56900090378765,27.82450062699549,0.0,0.0,101.82693852243172,528.4189694147933
2021-01-17,13:00:00,69.99790468197197,28.36408412557262,0.0,0.0,115.73978934802535,535.2196634556612
2021-01-17,14:00:00,71.65968468107435,29.26382356468482,0.0,0.0,147.66277072923415,548.96319396521
2021-01-17,15:00:00,72.435923172476,29.2515365868493,0.0,0.0,167.43613216567502,549.4848336669045
2021-01-17,16:00:00,72.92256302568877,29.253432467885194,0.0,0.0,183.34004507727536,551.5001037857478
2021-01-17,17:00:00,73.19562084575479,29.50579617965455,0.0,0.0,194.36558498377755,553.3866297950043
2021-01-17,18:00:00,73.40116511248524,29.763837256269014,0.0,0.0,204.709895506243,556.6152392942196
2021-01-17,19:00:00,73.66606447602253,30.140456207385345,0.0,0.0,215.9419153977422,562.5087881568885
2021-01-17,20:00:00,73.66143457298615,31.038192331425392,0.0,0.0,220.88826052139888,572.8965187146516
2021-01-17,21:00:00,74.42779648093064,31.927577720279537,0.0,0.0,236.95011527616396,584.2110736987142
2021-01-17,22:00:00,75.73844100000899,32.156674752084605,0.0,0.0,262.3249948743531,587.3164585188201
2021-01-17,23:00:00,76.38786148175097,32.53143954718817,0.0,0.0,277.3758417071243,591.5303198587532
2021-01-18,00:00:00,77.12244164915981,33.17760007053281,0.0,0.0,292.8074583043154,600.216015337287
2021-01-18,01:00:00,78.10965021749163,33.90199217817829,0.0,0.0,310.2914176127151,608.6197363296543
2021-01-18,02:00:00,80.83005044700117,34.2767867075284,0.0,0.0,351.3214671663633,612.4186990019081
2021-01-18,03:00:00,81.58556971267923,34.32708325378698,0.0,0.0,370.0949767515754,616.5378114109892
2021-01-18,04:00:00,82.10008572488351,34.68956693831958,0.0,0.0,378.44305207480136,615.3145613609242
2021-01-18,09:00:00,103.74295207081933,-28.46051239272631,0.0,0.0,684.2462529797677,-421.37089217717335
2021-01-18,10:00:00,103.65622095667194,-28.370381727231656,0.0,0.0,686.2743205238822,-418.71724439894456
2021-01-18,11:00:00,103.79826535635635,-28.75035075833553,0.0,0.0,693.1165008572966,-427.14952162401823
2021-01-18,12:00:00,103.75311624717054,-28.819386529110485,0.0,0.0,695.788359697756,-427.8765110001216
2021-01-18,13:00:00,103.72849602855982,-28.962647434038352,0.0,0.0,698.61679733585,-430.0991331546649
2021-01-18,14:00:00,103.72167744203415,-29.199828073310986,0.0,0.0,701.4744520892723,-434.140722608462
2021-01-18,15:00:00,103.73044597153876,-29.58565393869833,0.0,0.0,704.1064650286123,-440.93880167941785
2021-01-18,16:00:00,103.51202594617152,-29.87235506741193,0.0,0.0,703.3127153043353,-444.6419513883296
2021-01-18,17:00:00,105.85750638976012,-36.81991549936491,0.0,0.0,670.0638409932493,-548.8253418771894
2021-01-18,18:00:00,108.56618020264864,-38.08243060358211,0.0,0.0,683.189345446753,-572.0642733016878
2021-01-18,19:00:00,109.41960125994378,-38.26753011462005,0.0,0.0,690.205026730509,-576.1726770770256
2021-01-18,20:00:00,109.72149859360576,-38.379018672269815,0.0,0.0,695.4411569443562,-579.6451857807024
2021-01-18,21:00:00,110.03730113235002,-38.565247305967716,0.0,0.0,694.6246222626128,-579.7950040267572
2021-01-18,22:00:00,110.19682777796373,-38.68243082927899,0.0,0.0,701.3711175092618,-585.4447292439115
2021-01-18,23:00:00,110.39751440678393,-38.840255797199916,0.0,0.0,702.4660537168569,-587.2322041922885
2021-01-19,07:00:00,125.58313352968558,62.424730723786496,0.0,0.0,nan,nan
2021-01-19,08:00:00,126.34985510132564,62.50361959631443,0.0,0.0,nan,nan
2021-01-19,09:00:00,126.72467370123698,62.74616000544279,0.0,0.0,nan,nan
2021-01-19,10:00:00,127.49075972970965,62.91755576343773,0.0,0.0,nan,nan
2021-01-19,11:00:00,128.23991112502463,63.09583102925519,0.0,0.0,nan,nan
2021-01-19,12:00:00,128.5367822995555,63.44002254203898,0.0,0.0,nan,nan
2021-01-19,13:00:00,129.21312774638747,63.598645775090695,0.0,0.0,nan,nan
2021-01-19,14:00:00,129.8544761229806,63.74162308733892,0.0,0.0,nan,nan
2021-01-19,15:00:00,130.47267502995206,63.885493576242744,0.0,0.0,nan,nan
2021-01-19,16:00:00,131.08195994204826,64.04324839873415,0.0,0.0,nan,nan
2021-01-19,17:00:00,131.677665878815,64.22203882606817,0.0,0.0,nan,nan
2021-01-19,18:00:00,132.28553479928027,64.46644399987036,0.0,0.0,nan,nan
2021-01-19,19:00:00,132.9039713066052,64.77459698108812,0.0,0.0,nan,nan
2021-01-19,20:00:00,134.0304717271825,64.80828629561815,0.0,0.0,nan,nan
2021-01-19,21:00:00,134.6688326409192,65.11452570104714,0.0,0.0,nan,nan
2021-01-19,22:00:00,135.76136370312966,64.9321845547584,0.0,0.0,nan,nan
2021-01-19,23:00:00,136.40399103841378,65.14491163036026,0.0,0.0,nan,nan
2021-01-20,00:00:00,137.06345933307094,65.32054924446315,0.0,0.0,nan,nan
2021-01-20,01:00:00,138.0840587049667,64.74957694138817,0.0,0.0,nan,nan
2021-01-20,02:00:00,138.704920693827,64.6928674620123,0.0,0.0,nan,nan
2021-01-20,03:00:00,139.19279277785404,64.53066866869324,0.0,0.0,nan,nan
2021-01-20,04:00:00,139.5815327865856,64.32516780681448,0.0,0.0,nan,nan
2021-01-20,05:00:00,139.9014404650588,64.11493091320659,0.0,0.0,nan,nan
2021-01-20,06:00:00,140.14258447379066,63.91093101300053,0.0,0.0,nan,nan
2021-01-20,07:00:00,140.3186930090891,63.72502956580922,0.0,0.0,nan,nan
2021-01-20,08:00:00,140.4824230707985,63.54424455936502,0.0,0.0,nan,nan
2021-01-20,09:00:00,140.80999695588616,64.13223741175293,0.0,0.0,nan,nan
2021-01-20,10:00:00,140.92511883959298,63.97348142222548,0.0,0.0,nan,nan
2021-01-20,11:00:00,141.02857980485572,63.82026304616076,0.0,0.0,nan,nan
2021-01-20,12:00:00,141.10758237088197,63.677520546203425,0.0,0.0,nan,nan
2021-01-20,13:00:00,141.16503227671592,63.54931345488266,0.0,0.0,nan,nan
2021-01-20,14:00:00,141.21525932466153,63.420685735552425,0.0,0.0,nan,nan
2021-01-20,15:00:00,141.25566830919544,63.29457923789957,0.0,0.0,nan,nan
2021-01-20,16:00:00,141.28658899115027,63.17793669617923,0.0,0.0,nan,nan
2021-01-20,17:00:00,141.49474917312043,63.80501060207572,0.0,0.0,nan,nan
2021-01-20,18:00:00,141.5105218536512,63.70621517596797,0.0,0.0,nan,nan
2021-01-20,19:00:00,141.5223986227281,63.6168069635917,0.0,0.0,nan,nan
2021-01-20,20:00:00,141.5288431727477,63.53842159327444,0.0,0.0,nan,nan
2021-01-20,21:00:00,141.5335351603838,63.46666784876362,0.0,0.0,nan,nan
2021-01-20,22:00:00,141.5369966059721,63.404792684546194,0.0,0.0,nan,nan
2021-01-20,23:00:00,141.53871044230644,63.350850993481664,0.0,0.0,nan,nan
2021-01-21,00:00:00,141.54022737882235,63.305156160586385,0.0,0.0,nan,nan
2021-01-21,01:00:00,141.54483769429748,63.27167764188919,0.0,0.0,nan,nan
2021-01-21,02:00:00,141.5500585994643,63.251343846428625,0.0,0.0,nan,nan
2021-01-21,03:00:00,141.55637976615705,63.24473192452861,0.0,0.0,nan,nan
2021-01-21,04:00:00,141.56426362280413,63.25222792786533,0.0,0.0,nan,nan
2021-01-21,05:00:00,141.5736841623969,63.27372130480623,0.0,0.0,nan,nan
2021-01-21,06:00:00,141.58558346197415,63.3090649074577,0.0,0.0,nan,nan
2021-01-21,07:00:00,141.60229592227586,63.357133757940545,0.0,0.0,nan,nan
2021-01-21,08:00:00,141.62017480956177,63.41404154854515,0.0,0.0,nan,nan
2021-01-21,09:00:00,141.63850159062076,63.48209551458409,0.0,0.0,nan,nan
2021-01-21,10:00:00,141.65899006407497,63.55643109489822,0.0,0.0,nan,nan
2021-01-21,11:00:00,141.67893661948014,63.640880348031715,0.0,0.0,nan,nan
2021-01-21,12:00:00,141.69698431148745,63.736422791640116,0.0,0.0,nan,nan
2021-01-21,13:00:00,141.5405471079239,63.116556571367276,0.0,0.0,nan,nan
2021-01-21,14:00:00,141.55471070920888,63.228102147575036,0.0,0.0,nan,nan
2021-01-21,15:00:00,141.56459075310195,63.34572194222254,0.0,0.0,nan,nan
2021-01-21,16:00:00,141.5680499457562,63.466246280352195,0.0,0.0,nan,nan
2021-01-21,17:00:00,141.5814472675451,63.58205976362358,0.0,0.0,nan,nan
2021-01-21,18:00:00,141.59095228707167,63.70200855769658,0.0,0.0,nan,nan
2021-01-21,19:00:00,141.5905065133041,63.8282244979281,0.0,0.0,nan,nan
2021-01-21,20:00:00,141.41704538169154,63.227715876186224,0.0,0.0,nan,nan
2021-01-21,21:00:00,141.40691176329673,63.36323095257464,0.0,0.0,nan,nan
2021-01-21,22:00:00,141.38583313224686,63.50135271123884,0.0,0.0,nan,nan
2021-01-21,23:00:00,141.37097835594005,63.63450197781819,0.0,0.0,nan,nan
2021-01-22,00:00:00,141.3535224371661,63.766394942975104,0.0,0.0,nan,nan
2021-01-22,01:00:00,141.32229289652383,63.90150795044116,0.0,0.0,nan,nan
2021-01-22,02:00:00,141.10996787607684,63.29266689839704,0.0,0.0,nan,nan
2021-01-22,03:00:00,141.05877997692295,63.43905163412774,0.0,0.0,nan,nan
2021-01-22,04:00:00,140.9895854910068,63.58602288385706,0.0,0.0,nan,nan
2021-01-22,05:00:00,140.9163626518138,63.73368718951073,0.0,0.0,nan,nan
2021-01-22,06:00:00,140.85210094818564,63.885179483278954,0.0,0.0,nan,nan
2021-01-22,07:00:00,140.77345285392832,64.0376352719395,0.0,0.0,nan,nan
2021-01-22,08:00:00,140.68353726696245,64.19260641318077,0.0,0.0,nan,nan
2021-01-22,09:00:00,140.58449612953638,64.35180501405281,0.0,0.0,nan,nan
2021-01-22,10:00:00,140.30415545519935,63.74490823211628,0.0,0.0,nan,nan
2021-01-22,11:00:00,140.18227843707197,63.909817696714455,0.0,0.0,nan,nan
2021-01-22,12:00:00,140.0473622769402,64.07812949103227,0.0,0.0,nan,nan
2021-01-22,13:00:00,139.87604675721633,64.24452639033484,0.0,0.0,nan,nan
2021-01-22,14:00:00,139.6718983311308,64.41895296382212,0.0,0.0,nan,nan
2021-01-22,15:00:00,139.43425653412368,64.58825011413045,0.0,0.0,nan,nan
2021-01-22,16:00:00,139.16462185113102,64.74822632289694,0.0,0.0,nan,nan
2021-01-22,17:00:00,138.84696885021285,64.89109682332783,0.0,0.0,nan,nan
2021-01-22,18:00:00,138.45625491619123,64.98246158504831,0.0,0.0,nan,nan
2021-01-22,19:00:00,138.03318934584587,65.02429907321095,0.0,0.0,nan,nan
2021-01-22,20:00:00,137.62116013627818,65.02688115705021,0.0,0.0,nan,nan
2021-01-22,21:00:00,137.2136202790337,64.9921828197719,0.0,0.0,nan,nan
2021-01-22,22:00:00,136.81238177973594,64.93528093700944,0.0,0.0,nan,nan
2021-01-22,23:00:00,135.99448831018182,65.38207386591318,0.0,0.0,nan,nan
2021-01-23,00:00:00,135.59257825031395,65.26876605171914,0.0,0.0,nan,nan
2021-01-23,01:00:00,135.19256212148252,65.13906884079421,0.0,0.0,nan,nan
2021-01-23,02:00:00,134.7997394888267,65.00101616945851,0.0,0.0,nan,nan
2021-01-23,03:00:00,134.4156276514403,64.857534504916,0.0,0.0,nan,nan
2021-01-23,04:00:00,133.5577324985506,65.04036357984228,0.0,0.0,nan,nan
2021-01-23,05:00:00,133.17300458735255,64.85897004719384,0.0,0.0,nan,nan
2021-01-23,06:00:00,132.79923812394736,64.68995697009728,0.0,0.0,nan,nan
2021-01-23,07:00:00,132.43760991457972,64.53622415803598,0.0,0.0,nan,nan
2021-01-23,08:00:00,132.0834046844827,64.39873433124237,0.0,0.0,nan,nan
2021-01-23,09:00:00,131.73300879507025,64.27676165394608,0.0,0.0,nan,nan
2021-01-23,10:00:00,131.38977080278093,64.17465269346125,0.0,0.0,nan,nan
2021-01-23,11:00:00,131.05311688426752,64.08791364317686,0.0,0.0,nan,nan
2021-01-23,12:00:00,130.71671709407025,64.00822032966529,0.0,0.0,nan,nan
2021-01-23,13:00:00,130.38250317906318,63.93572532271882,0.0,0.0,nan,nan
2021-01-23,14:00:00,130.0494422666708,63.8673731842897,0.0,0.0,nan,nan
2021-01-23,15:00:00,129.7163141188922,63.801997390621814,0.0,0.0,nan,nan
2021-01-23,16:00:00,129.8131850748011,63.5836600685551,0.0,0.0,nan,nan
2021-01-23,17:00:00,129.46578087150672,63.51895945363722,0.0,0.0,nan,nan
2021-01-23,18:00:00,129.11354338682014,63.45265878234673,0.0,0.0,nan,nan
2021-01-23,19:00:00,128.75941656788063,63.38432030311987,0.0,0.0,nan,nan
2021-01-23,20:00:00,128.40012062056013,63.31106925851542,0.0,0.0,nan,nan
2021-01-23,21:00:00,128.03363207947615,63.23177909816218,0.0,0.0,nan,nan
2021-01-23,22:00:00,127.66497284108227,63.148500031917436,0.0,0.0,nan,nan
2021-01-23,23:00:00,127.29607241838784,63.062531405481984,0.0,0.0,nan,nan
2021-01-24,00:00:00,127.34422739331693,62.851463985485054,0.0,0.0,nan,nan
2021-01-24,01:00:00,126.96627633529114,62.78417153480851,0.0,0.0,nan,nan
2021-01-24,02:00:00,126.5964792836949,62.72430164515929,0.0,0.0,nan,nan
2021-01-24,03:00:00,126.2402348065998,62.67352922431945,0.0,0.0,nan,nan
2021-01-24,04:00:00,126.24489052675709,62.520667426231334,0.0,0.0,nan,nan
2021-01-24,05:00:00,125.8744710469822,62.493562329982005,0.0,0.0,nan,nan
2021-01-24,06:00:00,125.50740159332332,62.47275066877468,0.0,0.0,nan,nan
2021-01-24,07:00:00,125.14619294371037,62.45594813682982,0.0,0.0,nan,nan
2021-01-24,08:00:00,125.06366713242316,62.34792989771522,0.0,0.0,nan,nan
2021-01-24,09:00:00,124.6648379397813,62.35277573097999,0.0,0.0,nan,nan
2021-01-24,10:00:00,124.24759633496718,62.36344485839225,0.0,0.0,nan,nan
2021-01-24,11:00:00,123.80851791435867,62.3794533542262,0.0,0.0,nan,nan
2021-01-24,12:00:00,123.34146559020054,62.40038796770372,0.0,0.0,nan,nan
2021-01-24,13:00:00,122.8522571233651,62.42642159904574,0.0,0.0,nan,nan
2021-01-24,14:00:00,122.3613482056073,62.45269447042377,0.0,0.0,nan,nan
2021-01-24,15:00:00,121.86198206672204,62.481631525004666,0.0,0.0,nan,nan
2021-01-24,16:00:00,121.39548850467143,62.511925154275104,0.0,0.0,nan,nan
2021-01-24,17:00:00,120.91590497527908,62.548447532792814,0.0,0.0,nan,nan
2021-01-24,18:00:00,120.42154459929908,62.59657397205313,0.0,0.0,nan,nan
2021-01-24,19:00:00,119.96661221342535,62.64710889254201,0.0,0.0,nan,nan
2021-01-24,20:00:00,119.36902947917174,62.752268926107604,0.0,0.0,nan,nan
2021-01-24,21:00:00,118.86141202899691,62.92251853130141,0.0,0.0,nan,nan
2021-01-24,22:00:00,117.88592876835202,63.203096730183795,0.0,0.0,nan,nan
2021-01-24,23:00:00,117.01405777025516,63.65230885837432,0.0,0.0,nan,nan
2021-01-25,00:00:00,115.16631870868098,64.16605224969359,0.0,0.0,nan,nan
2021-01-25,01:00:00,112.66363882780648,64.66689060121745,0.0,0.0,nan,nan
2021-01-25,02:00:00,111.1876258964632,64.47444002682498,0.0,0.0,nan,nan
2021-01-25,03:00:00,109.64659947913958,64.4943670033886,0.0,0.0,nan,nan
2021-01-25,04:00:00,108.03330174355592,64.373638518386,0.0,0.0,nan,nan
2021-01-25,05:00:00,105.89119608322085,64.21097682980002,0.0,0.0,nan,nan
2021-01-25,06:00:00,102.91476996941674,63.81712288355863,0.0,0.0,nan,nan
2021-01-25,07:00:00,101.28805258490563,63.18323581769668,0.0,0.0,nan,nan
2021-01-25,08:00:00,100.38118646827935,62.62631959235482,0.0,0.0,nan,nan
2021-01-25,09:00:00,99.28139946989748,61.89294239133678,0.0,0.0,nan,nan
2021-01-25,10:00:00,97.96342158297566,61.23728494212607,0.0,0.0,nan,nan
2021-01-25,11:00:00,96.82741438893969,60.46214894780172,0.0,0.0,nan,nan
2021-01-25,12:00:00,95.63254349232656,60.04556970664299,0.0,0.0,nan,nan
2021-01-25,13:00:00,94.30955835930347,59.105804798078395,0.0,0.0,nan,nan
2021-01-25,14:00:00,93.22069641821369,57.89668340131332,0.0,0.0,nan,nan
2021-01-25,15:00:00,92.5792815017709,56.931110089068085,0.0,0.0,nan,nan
2021-01-25,16:00:00,91.91723272656202,56.288190044595105,0.0,0.0,nan,nan
2021-01-25,17:00:00,91.25855509116018,55.974100070142526,0.0,0.0,nan,nan
2021-01-25,18:00:00,89.6219536831357,55.06692561428402,0.0,0.0,nan,nan
2021-01-25,19:00:00,88.83998213021384,53.31592969512628,0.0,0.0,nan,nan
2021-01-25,20:00:00,88.23300733589952,52.722187023009205,0.0,0.0,nan,nan
2021-01-25,21:00:00,87.18966470059443,51.73966884407639,0.0,0.0,nan,nan
2021-01-25,22:00:00,84.81160640451853,48.54736473082917,0.0,0.0,nan,nan
2021-01-25,23:00:00,86.48546263240799,45.728386033790656,0.0,0.0,nan,nan
2021-01-26,00:00:00,86.63997150563203,45.25129588691096,0.0,0.0,nan,nan
2021-01-26,01:00:00,86.61551117031182,44.6395388022328,0.0,0.0,nan,nan
2021-01-26,02:00:00,86.57975264170764,44.18883112246768,0.0,0.0,nan,nan
2021-01-26,03:00:00,86.53337549772102,43.9369124344438,0.0,0.0,nan,nan
2021-01-26,04:00:00,86.4929746582212,43.67418264186336,0.0,0.0,nan,nan
2021-01-26,05:00:00,86.38299641970305,43.50325525558415,0.0,0.0,nan,nan
2021-01-26,06:00:00,86.32463181939377,43.321799427736785,0.0,0.0,nan,nan
2021-01-26,07:00:00,86.24249551996817,43.0850367557511,0.0,0.0,nan,nan
2021-01-26,08:00:00,86.17352194615297,43.07095093717206,0.0,0.0,nan,nan
2021-01-26,09:00:00,86.01102476560035,42.715708532493515,0.0,0.0,nan,nan
2021-01-26,10:00:00,85.77826095605758,42.23672607379598,0.0,0.0,nan,nan
2021-01-26,11:00:00,85.51892152142533,42.229667109427425,0.0,0.0,nan,nan
2021-01-26,12:00:00,85.35545342949192,41.677060059056934,0.0,0.0,nan,nan
2021-01-26,13:00:00,85.06110636457467,41.69043953776885,0.0,0.0,nan,nan
2021-01-26,14:00:00,85.0477970851195,41.191871685907024,0.0,0.0,nan,nan
2021-01-26,15:00:00,85.09285606441274,40.75497395763176,0.0,0.0,nan,nan
2021-01-26,16:00:00,84.74824500189132,40.79289680051735,0.0,0.0,nan,nan
2021-01-26,17:00:00,84.30541761372677,40.75049820437385,0.0,0.0,nan,nan
2021-01-26,18:00:00,83.72392817171117,40.502085904088354,0.0,0.0,nan,nan
2021-01-26,19:00:00,82.98489898924157,39.74947784331948,0.0,0.0,nan,nan
2021-01-26,20:00:00,83.54135099179882,38.40216869385252,0.0,0.0,nan,nan
2021-01-26,21:00:00,84.80675871975262,37.49707520662913,0.0,0.0,nan,nan
2021-01-26,22:00:00,85.04696716279493,36.965900247298066,0.0,0.0,nan,nan
2021-01-26,23:00:00,85.09472088575001,36.75512195162249,0.0,0.0,nan,nan
2021-01-27,00:00:00,85.03877893811637,36.668587502264394,0.0,0.0,nan,nan
2021-01-27,01:00:00,85.12344067736849,36.51997059601347,0.0,0.0,nan,nan
2021-01-27,02:00:00,85.00875278339403,36.414364057233236,0.0,0.0,nan,nan
2021-01-27,03:00:00,85.05299768253107,36.34367896478313,0.0,0.0,nan,nan
2021-01-27,04:00:00,84.80048120108506,36.18817723418851,0.0,0.0,nan,nan
2021-01-27,05:00:00,84.64896420195001,36.136350471842775,0.0,0.0,nan,nan
2021-01-27,06:00:00,84.30623573378246,35.86890631535612,0.0,0.0,nan,nan
2021-01-27,07:00:00,83.87628118101982,35.740870289750426,0.0,0.0,nan,nan
2021-01-27,08:00:00,83.42416874478387,35.53241561261226,0.0,0.0,nan,nan
2021-01-27,09:00:00,83.00680581904112,35.28870129826984,0.0,0.0,nan,nan
2021-01-27,10:00:00,82.64367738588719,35.118530663090866,0.0,0.0,nan,nan
2021-01-27,11:00:00,82.68351074415803,35.109590888971184,0.0,0.0,nan,nan
2021-01-27,12:00:00,82.38209988008762,35.003652148785285,0.0,0.0,nan,nan
2021-01-27,13:00:00,82.40341497567599,34.949990479875304,0.0,0.0,nan,nan
2021-01-27,14:00:00,82.14026214929274,34.866956482762696,0.0,0.0,nan,nan
2021-01-27,15:00:00,81.9264259893855,34.79462814993361,0.0,0.0,nan,nan
2021-01-27,16:00:00,81.87192112189868,34.695006491341985,0.0,0.0,nan,nan
2021-01-27,17:00:00,81.64782196701424,34.65063289695214,0.0,0.0,nan,nan
2021-01-27,18:00:00,81.45676872143109,34.624042077344484,0.0,0.0,nan,nan
2021-01-27,19:00:00,81.29952988738741,34.60864510390234,0.0,0.0,nan,nan
2021-01-27,20:00:00,81.17713332623156,34.5989263183992,0.0,0.0,nan,nan
2021-01-27,21:00:00,80.77379345948819,34.41133237576506,0.0,0.0,nan,nan
2021-01-27,22:00:00,80.36252927756928,34.407913062933616,0.0,0.0,nan,nan
2021-01-27,23:00:00,79.54905651853923,34.739177322422584,0.0,0.0,nan,nan
2021-01-28,00:00:00,78.22536822653989,34.5377149095045,0.0,0.0,nan,nan
2021-01-28,01:00:00,77.6923305846401,34.20139706733041,0.0,0.0,nan,nan
2021-01-28,02:00:00,77.73281439561346,33.917207504773515,0.0,0.0,nan,nan
2021-01-28,03:00:00,77.33407628730338,33.712109703889254,0.0,0.0,nan,nan
2021-01-28,04:00:00,76.98762503231076,33.55274326622625,0.0,0.0,nan,nan
2021-01-28,05:00:00,77.04106678301179,33.37601846183309,0.0,0.0,nan,nan
2021-01-28,06:00:00,76.71735092337646,33.24967603292142,0.0,0.0,nan,nan
2021-01-28,07:00:00,76.41952987651285,33.12998696226127,0.0,0.0,nan,nan
2021-01-28,08:00:00,76.44741920812153,32.89855045222086,0.0,0.0,nan,nan
2021-01-28,09:00:00,76.16010345082003,32.78140764969817,0.0,0.0,nan,nan
2021-01-28,10:00:00,75.90108741376493,32.680510439834606,0.0,0.0,nan,nan
2021-01-28,11:00:00,75.58728971571404,32.595733666126876,0.0,0.0,nan,nan
2021-01-28,12:00:00,75.21367937549275,32.53504863007503,0.0,0.0,nan,nan
2021-01-28,13:00:00,74.8226314994298,32.49020909316161,0.0,0.0,nan,nan
2021-01-28,14:00:00,74.44728268914635,32.44207741832702,0.0,0.0,nan,nan
2021-01-28,15:00:00,74.53287277632688,32.21928678947658,0.0,0.0,nan,nan
2021-01-28,16:00:00,74.18848333399855,32.14640240617129,0.0,0.0,nan,nan
2021-01-28,17:00:00,73.8532964726809,32.07086906478244,0.0,0.0,nan,nan
2021-01-28,18:00:00,73.53701547779899,31.998137789274,0.0,0.0,nan,nan
2021-01-28,19:00:00,73.241211013503,31.93158319530128,0.0,0.0,nan,nan
2021-01-28,20:00:00,72.96386820055994,31.868143188365796,0.0,0.0,nan,nan
2021-01-28,21:00:00,73.11534871036723,31.516183677172695,0.0,0.0,nan,nan
2021-01-28,22:00:00,72.87097077246108,31.433103186146706,0.0,0.0,nan,nan
2021-01-28,23:00:00,73.0378489492495,31.062565734073036,0.0,0.0,nan,nan
2021-01-29,00:00:00,72.82959742605078,30.978783674116425,0.0,0.0,nan,nan
2021-01-29,01:00:00,72.65008908134229,30.912994195419493,0.0,0.0,nan,nan
2021-01-29,02:00:00,72.85114582911679,30.60029719487477,0.0,0.0,nan,nan
2021-01-29,03:00:00,72.71240606453081,30.53951888842407,0.0,0.0,nan,nan
2021-01-29,04:00:00,72.84061573945812,30.312935341827018,0.0,0.0,nan,nan
2021-01-29,05:00:00,72.71002045632378,30.26653065326122,0.0,0.0,nan,nan
2021-01-29,06:00:00,72.58451440830328,30.24619752497624,0.0,0.0,nan,nan
2021-01-29,07:00:00,72.45865614668195,30.254292726832265,0.0,0.0,nan,nan
2021-01-29,08:00:00,72.46078961077176,30.06981247084679,0.0,0.0,nan,nan
2021-01-29,09:00:00,72.31699124050206,30.082128562142753,0.0,0.0,nan,nan
2021-01-29,10:00:00,72.17364792634743,30.109743403884128,0.0,0.0,nan,nan
2021-01-29,11:00:00,72.02934019228096,30.152153084062707,0.0,0.0,nan,nan
2021-01-29,12:00:00,71.86239155270242,30.205751636903738,0.0,0.0,nan,nan
2021-01-29,13:00:00,71.65794718540198,30.261174276541034,0.0,0.0,nan,nan
2021-01-29,14:00:00,71.4346480191273,30.316601288189823,0.0,0.0,nan,nan
2021-01-29,15:00:00,71.19403414910173,30.3671548706929,0.0,0.0,nan,nan
2021-01-29,16:00:00,70.93368705226966,30.406124559330134,0.0,0.0,nan,nan
2021-01-29,17:00:00,70.62886855083302,30.38779976469646,0.0,0.0,nan,nan
2021-01-29,18:00:00,70.29304982992089,30.33270603374868,0.0,0.0,nan,nan
2021-01-29,19:00:00,69.90243048792652,30.225367599397206,0.0,0.0,nan,nan
2021-01-29,20:00:00,69.48700242793504,30.01446808901146,0.0,0.0,nan,nan
2021-01-29,21:00:00,69.4474010995663,29.260891569018145,0.0,0.0,nan,nan
2021-01-29,22:00:00,69.53158694823512,28.774877628230794,0.0,0.0,nan,nan
2021-01-29,23:00:00,69.36842660200755,28.579556462287883,0.0,0.0,nan,nan
2021-01-30,00:00:00,69.26074023567497,28.423109507348386,0.0,0.0,nan,nan
2021-01-30,01:00:00,69.19227204062932,28.29176249629622,0.0,0.0,nan,nan
2021-01-30,02:00:00,69.12513072287805,28.21508590394771,0.0,0.0,nan,nan
2021-01-30,03:00:00,69.04027745755606,28.100264565927727,0.0,0.0,nan,nan
2021-01-30,04:00:00,68.93255654065152,28.012360529450884,0.0,0.0,nan,nan
2021-01-30,05:00:00,68.79200394506931,27.94898852241289,0.0,0.0,nan,nan
2021-01-30,06:00:00,68.64271140760097,27.896120779631516,0.0,0.0,nan,nan
2021-01-30,07:00:00,68.49034475726971,27.857870722834107,0.0,0.0,nan,nan
2021-01-30,08:00:00,68.33654992520614,27.831329073507664,0.0,0.0,nan,nan
2021-01-30,09:00:00,68.16199747516002,27.808591149106164,0.0,0.0,nan,nan
2021-01-30,10:00:00,67.62553262951982,27.551498095341458,0.0,0.0,nan,nan
2021-01-30,11:00:00,67.27993330700953,27.433091554524086,0.0,0.0,nan,nan
2021-01-30,12:00:00,66.91254826369868,27.26551226723634,0.0,0.0,nan,nan
2021-01-30,13:00:00,66.6484654391926,27.117847008250884,0.0,0.0,nan,nan
2021-01-30,14:00:00,66.45757398576023,27.008521039408098,0.0,0.0,nan,nan
2021-01-30,15:00:00,66.30680846460865,26.911282248701685,0.0,0.0,nan,nan
2021-01-30,16:00:00,66.37182864825262,26.648323801342624,0.0,0.0,nan,nan
2021-01-30,17:00:00,66.24591204855946,26.57076266824122,0.0,0.0,nan,nan
2021-01-30,18:00:00,66.14110683688669,26.50073476397207,0.0,0.0,nan,nan
2021-01-30,19:00:00,66.05100114987783,26.43798333508383,0.0,0.0,nan,nan
2021-01-30,20:00:00,65.97518167275787,26.382824405980386,0.0,0.0,nan,nan
2021-01-30,21:00:00,65.942911233975,26.027057981069078,0.0,0.0,nan,nan
2021-01-30,22:00:00,65.8355348168546,25.972137182452297,0.0,0.0,nan,nan
2021-01-30,23:00:00,65.72410806018495,25.91776479091993,0.0,0.0,nan,nan
